epoch,eegdash,zuco
0,5.258947849273682,5.196794033050537
