epoch,eegdash,zuco
0,0.013212798163294792,0.023914460092782974
