model,model_display,run_dir,seed,train_pct,retrieval_size,top_k,balanced_top_k_accuracy,top_k_accuracy,chance_accuracy,balanced_accuracy_x_chance,accuracy_x_chance,n_samples,n_skipped
random_init,Arquitectura aleatoria,logs/word_classification_ds004408_four_way/20260703_120008/random_init,42,1.0,50,10,0.2,0.27772513031959534,0.2,1.0,1.3886256515979767,20045,15105
random_init,Arquitectura aleatoria,logs/word_classification_ds004408_four_way/20260703_120008/random_init,42,1.0,250,10,0.04054054054054054,0.14662161469459534,0.04,1.0135135135135136,3.6655403673648834,28120,7030
eeg_from_scratch,Checkpoint EEG desde cero,logs/word_classification_ds004408_four_way/20260703_120008/eeg_from_scratch,42,1.0,50,10,0.6163291251659393,0.6462459564208984,0.2,3.0816456258296965,3.231229782104492,20045,15105
eeg_from_scratch,Checkpoint EEG desde cero,logs/word_classification_ds004408_four_way/20260703_120008/eeg_from_scratch,42,1.0,250,10,0.1995293301591012,0.39893314242362976,0.04,4.98823325397753,9.973328560590744,28120,7030
megxl_eeg2,Megxl Eeg2,logs/word_classification_ds004408_four_way/20260703_120008/megxl_eeg2,42,1.0,50,10,0.6419049745798111,0.6491893529891968,0.2,3.2095248728990553,3.245946764945984,20045,15105
megxl_eeg2,Megxl Eeg2,logs/word_classification_ds004408_four_way/20260703_120008/megxl_eeg2,42,1.0,250,10,0.22323999840866876,0.4289473593235016,0.04,5.580999960216719,10.72368398308754,28120,7030
megxl_eeg1,Megxl Eeg1,logs/word_classification_ds004408_four_way/20260703_120008/megxl_eeg1,42,1.0,50,10,0.6250419016182422,0.6361685991287231,0.2,3.1252095080912112,3.1808429956436157,20045,15105
megxl_eeg1,Megxl Eeg1,logs/word_classification_ds004408_four_way/20260703_120008/megxl_eeg1,42,1.0,250,10,0.20560219519045875,0.40981507301330566,0.04,5.140054879761468,10.245376825332642,28120,7030
