epoch,step,test_loss
0,0,0.6002923846244812
0,0,0.6002923846244812
