epoch,from_scratch (reading),megxl_eeg1 (reading),megxl_eeg2 (reading)
0,0.013363100588321686,0.030696097761392593,0.030696097761392593
