epoch,from_scratch (reading),megxl_eeg1 (reading),megxl_eeg2 (reading)
0,0.015486865304410458,0.03257275000214577,0.03257275000214577
