epoch,from_scratch (reading),megxl_eeg1 (reading),megxl_eeg2 (reading)
0,5.254618167877197,5.011879920959473,5.011879920959473
