epoch,from_scratch (reading),megxl_eeg1 (reading),megxl_eeg2 (reading)
0,0.014941309578716755,0.034036047756671906,0.034036047756671906
