epoch,from_scratch (reading),megxl_eeg1 (reading),megxl_eeg2 (reading)
0,0.011080081574618816,0.025529101490974426,0.025529101490974426
