epoch,from_scratch (reading),megxl_eeg1 (reading),megxl_eeg2 (reading)
0,0.014509748667478561,0.023999668657779694,0.023999668657779694
