epoch,from_scratch (reading),megxl_eeg1 (reading),megxl_eeg2 (reading)
0,0.013954510912299156,0.029832176864147186,0.029832176864147186
