epoch,from_scratch (reading),megxl_eeg1 (reading),megxl_eeg2 (reading)
0,0.014345946721732616,0.03215939179062843,0.03215939179062843
